ÀÎ¿ø,ÃÑ±Þ¿©
20852,200180
20852,87792
20852,69411
20852,59958
20853,53725
20852,49471
20852,46206
20852,43709
20853,41793
20852,40219
208522,349055
208523,295512
208522,264102
208522,241754
208523,224164
208522,210750
208522,200409
208523,191649
208522,183861
208522,176894
208523,170616
208522,164725
208522,159225
208523,154023
208522,149172
208522,144606
208523,140225
208522,136067
208522,132125
208523,128425
208522,125097
208522,121935
208523,118859
208522,115856
208522,112981
208523,110195
208522,107499
208522,104917
208523,102457
208522,100171
208522,97991
208523,95814
208522,93744
208522,91724
208523,89777
208522,87928
208522,86193
208523,84454
208522,82789
208522,81166
208523,79600
208522,78061
208522,76584
208523,75236
208522,74023
208522,72672
208523,71356
208522,70101
208523,68856
208522,67612
208522,66390
208523,65181
208522,64005
208522,62841
208523,61914
208522,60720
208522,59654
208523,58515
208522,57485
208522,56429
208523,55352
208522,54405
208522,53335
208523,52484
208522,51590
208522,50696
208523,50221
208522,49646
208522,48239
208523,46942
208522,45506
208522,44055
208523,42413
208522,40788
208522,39095
208523,37517
208522,35845
208522,34070
208523,32330
208522,30638
208522,28924
208523,27042
208522,25407
208522,24056
208523,22174
208522,20454
208522,18764
208523,17054
208522,15440
208522,13999
208523,12445
208522,10774
208522,9163
208523,7741
208522,6165
208522,4710
208523,3401
208522,1898
208523,452
